"century","P.pct.total","median.grainsize.um","sd.phi","accretion.rate.gcm2yr","%C.organic","%N","SiO2.prct","C.N.ratio","N.P.ratio","C.P.ratio","d15N.permil","d13C.organic","n","location"
"1700",0.0103037665,205.65,1.95740524823653,0.036017369727047,21.0105430306736,0.964089011787617,1.87032213983325,22.262338300886,109.075369425653,2333.65405577206,1.16010429663446,-22.0403711588558,4,NA
NA,0.0094377222,209.56,1.95740524823653,0.036017369727047,23.4620156190035,1.10522714045993,1.6477783395394,21.7945767508513,143.166115456475,2980.76455567575,1.05098277856234,-22.3155303215337,5,"South"
