"century","median.grainsize.um","accretion.rate.gcm2yr","%C.organic","%N","P.pct.total","SiO2.prct","C.N.ratio","N.P.ratio","Si.P.ratio","d15N.permil","d13C.organic","n","location"
"2000",57.847619047619,0.0746071261547665,4.8862534159125,0.441924726589923,0.0252554241904762,9.31786967610974,13.3278591996799,17.8072348654376,374.746448657864,8.2040139714905,-20.3927966872182,41,NA
"1900",34.8318181818182,0.0844431080399553,3.46999497798686,0.270574175459306,0.0236411181818182,7.09573972259705,14.3220201590784,11.755534933446,315.093323490651,7.29449244524005,-20.1881187562403,45,NA
"1800",30.3666666666667,0.0966745617443727,3.34954631223211,0.252532133239457,0.0184520666666667,6.6835676883643,14.3113451747771,14.0542208563521,368.745437692749,5.02364902564121,-19.1909176395386,47,NA
"1700",93.225,0.113763884552111,3.93412066102772,0.246777122002408,0.0154685294285714,4.16349211378041,19.7499254436196,19.3605669027938,323.506315454659,3.06965899460973,-20.8710522481336,15,NA
NA,36.6035714285714,0.0861708180539808,3.94502413460852,0.31948924362652,0.0218376118928571,7.41959512468354,14.6218184414505,14.7707364050925,346.111154641614,5.97455993156958,-20.1784918207622,51,"North"
NA,59.7892857142857,0.0953072196946659,3.68590536317356,0.294986784694608,0.0207505377037037,6.70444491249263,15.5219202186513,15.4209520017155,346.425865756048,6.79953133305328,-19.781706357616,51,"Middle"
NA,40.847619047619,0.0835662650094043,3.98061921600326,0.307544062127375,0.0215588484285714,7.3826167544038,13.692875442265,14.7294095557936,344.506800037178,6.05861230810803,-20.2248009317475,48,"South"
